INSERT INTO comunidad_autonoma (id, nombre) VALUES (1, 'Andalucía');
INSERT INTO comunidad_autonoma (id, nombre) VALUES (2, 'Aragón');
INSERT INTO comunidad_autonoma (id, nombre) VALUES (3, 'Asturias');
INSERT INTO comunidad_autonoma (id, nombre) VALUES (4, 'Islas Baleares');
INSERT INTO comunidad_autonoma (id, nombre) VALUES (5, 'Canarias');
INSERT INTO comunidad_autonoma (id, nombre) VALUES (6, 'Cantabria');
INSERT INTO comunidad_autonoma (id, nombre) VALUES (7, 'Castilla-La Mancha');
INSERT INTO comunidad_autonoma (id, nombre) VALUES (8, 'Castilla y León');
INSERT INTO comunidad_autonoma (id, nombre) VALUES (9, 'Cataluña');
INSERT INTO comunidad_autonoma (id, nombre) VALUES (10, 'Extremadura');
INSERT INTO comunidad_autonoma (id, nombre) VALUES (11, 'Galicia');
INSERT INTO comunidad_autonoma (id, nombre) VALUES (12, 'Madrid');
INSERT INTO comunidad_autonoma (id, nombre) VALUES (13, 'Murcia');
INSERT INTO comunidad_autonoma (id, nombre) VALUES (14, 'Navarra');
INSERT INTO comunidad_autonoma (id, nombre) VALUES (15, 'La Rioja');
INSERT INTO comunidad_autonoma (id, nombre) VALUES (16, 'País Vasco');
INSERT INTO comunidad_autonoma (id, nombre) VALUES (17, 'Valencia');
INSERT INTO provincia (id, nombre, comunidad_autonoma_id) VALUES (1, 'Sevilla', 1);
INSERT INTO provincia (id, nombre, comunidad_autonoma_id) VALUES (2, 'Huelva', 2);
INSERT INTO provincia (id, nombre, comunidad_autonoma_id) VALUES (3, 'Cádiz', 2);
INSERT INTO provincia (id, nombre, comunidad_autonoma_id) VALUES (4, 'Córdoba', 3);
INSERT INTO provincia (id, nombre, comunidad_autonoma_id) VALUES (5, 'Granada', 3);
INSERT INTO provincia (id, nombre, comunidad_autonoma_id) VALUES (6, 'Málaga', 4);
INSERT INTO provincia (id, nombre, comunidad_autonoma_id) VALUES (7, 'Almería', 4);
INSERT INTO provincia (id, nombre, comunidad_autonoma_id) VALUES (8, 'Jaén', 5);
INSERT INTO provincia (id, nombre, comunidad_autonoma_id) VALUES (9, 'Zaragoza', 5);
INSERT INTO provincia (id, nombre, comunidad_autonoma_id) VALUES (10, 'Huesca', 6);
INSERT INTO provincia (id, nombre, comunidad_autonoma_id) VALUES (11, 'Teruel', 6);
INSERT INTO provincia (id, nombre, comunidad_autonoma_id) VALUES (12, 'Oviedo', 7);
INSERT INTO provincia (id, nombre, comunidad_autonoma_id) VALUES (13, 'Palma', 7);
INSERT INTO provincia (id, nombre, comunidad_autonoma_id) VALUES (14, 'Santa Cruz de Tenerife', 8);
INSERT INTO provincia (id, nombre, comunidad_autonoma_id) VALUES (15, 'Las Palmas', 8);
INSERT INTO provincia (id, nombre, comunidad_autonoma_id) VALUES (16, 'Santander', 9);
INSERT INTO provincia (id, nombre, comunidad_autonoma_id) VALUES (17, 'Toledo', 9);
INSERT INTO provincia (id, nombre, comunidad_autonoma_id) VALUES (18, 'Ciudad Real', 10);
INSERT INTO provincia (id, nombre, comunidad_autonoma_id) VALUES (19, 'Guadalajara', 10);
INSERT INTO provincia (id, nombre, comunidad_autonoma_id) VALUES (20, 'Cuenca', 11);
INSERT INTO provincia (id, nombre, comunidad_autonoma_id) VALUES (21, 'Albacete', 11);
INSERT INTO provincia (id, nombre, comunidad_autonoma_id) VALUES (22, 'Valladolid', 12);
INSERT INTO provincia (id, nombre, comunidad_autonoma_id) VALUES (23, 'León', 12);
INSERT INTO provincia (id, nombre, comunidad_autonoma_id) VALUES (24, 'Burgos', 13);
INSERT INTO provincia (id, nombre, comunidad_autonoma_id) VALUES (25, 'Zamora', 13);
INSERT INTO provincia (id, nombre, comunidad_autonoma_id) VALUES (26, 'Salamanca', 14);
INSERT INTO provincia (id, nombre, comunidad_autonoma_id) VALUES (27, 'Ávila', 14);
INSERT INTO provincia (id, nombre, comunidad_autonoma_id) VALUES (28, 'Segovia', 15);
INSERT INTO provincia (id, nombre, comunidad_autonoma_id) VALUES (29, 'Palencia', 15);
INSERT INTO provincia (id, nombre, comunidad_autonoma_id) VALUES (30, 'Soria', 16);
INSERT INTO provincia (id, nombre, comunidad_autonoma_id) VALUES (31, 'Barcelona', 16);
INSERT INTO provincia (id, nombre, comunidad_autonoma_id) VALUES (32, 'Tarragona', 17);
INSERT INTO provincia (id, nombre, comunidad_autonoma_id) VALUES (33, 'Lérida', 17);
INSERT INTO provincia (id, nombre, comunidad_autonoma_id) VALUES (34, 'Gerona', 17);
INSERT INTO provincia (id, nombre, comunidad_autonoma_id) VALUES (35, 'Badajoz', 17);
INSERT INTO provincia (id, nombre, comunidad_autonoma_id) VALUES (36, 'Cáceres', 17);
INSERT INTO provincia (id, nombre, comunidad_autonoma_id) VALUES (37, 'La Coruña', 17);
INSERT INTO provincia (id, nombre, comunidad_autonoma_id) VALUES (38, 'Lugo', 17);
INSERT INTO provincia (id, nombre, comunidad_autonoma_id) VALUES (39, 'Orense', 17);
INSERT INTO provincia (id, nombre, comunidad_autonoma_id) VALUES (40, 'Pontevedra', 17);
INSERT INTO provincia (id, nombre, comunidad_autonoma_id) VALUES (41, 'Madrid', 17);
INSERT INTO provincia (id, nombre, comunidad_autonoma_id) VALUES (42, 'Murcia', 17);
INSERT INTO provincia (id, nombre, comunidad_autonoma_id) VALUES (43, 'Pamplona', 17);
INSERT INTO provincia (id, nombre, comunidad_autonoma_id) VALUES (44, 'Logroño', 17);
INSERT INTO provincia (id, nombre, comunidad_autonoma_id) VALUES (45, 'Bilbao', 17);
INSERT INTO provincia (id, nombre, comunidad_autonoma_id) VALUES (46, 'San Sebastián', 17);
INSERT INTO provincia (id, nombre, comunidad_autonoma_id) VALUES (47, 'Vitoria', 17);
INSERT INTO provincia (id, nombre, comunidad_autonoma_id) VALUES (48, 'Valencia', 17);
INSERT INTO provincia (id, nombre, comunidad_autonoma_id) VALUES (49, 'Alicante', 17);
INSERT INTO provincia (id, nombre, comunidad_autonoma_id) VALUES (50, 'Castellón', 17);
INSERT INTO localidad (id, nombre, provincia_id) VALUES (1, 'Alcalá', 2);
INSERT INTO localidad (id, nombre, provincia_id) VALUES (2, 'San Fernando', 3);
INSERT INTO localidad (id, nombre, provincia_id) VALUES (3, 'Dos Hermanas', 4);
INSERT INTO localidad (id, nombre, provincia_id) VALUES (4, 'Jerez', 5);
INSERT INTO localidad (id, nombre, provincia_id) VALUES (5, 'Puerto Real', 6);
INSERT INTO localidad (id, nombre, provincia_id) VALUES (6, 'Algeciras', 7);
INSERT INTO localidad (id, nombre, provincia_id) VALUES (7, 'Motril', 8);
INSERT INTO localidad (id, nombre, provincia_id) VALUES (8, 'Ronda', 9);
INSERT INTO localidad (id, nombre, provincia_id) VALUES (9, 'Antequera', 10);
INSERT INTO localidad (id, nombre, provincia_id) VALUES (10, 'Úbeda', 11);
INSERT INTO localidad (id, nombre, provincia_id) VALUES (11, 'Soria', 12);
INSERT INTO localidad (id, nombre, provincia_id) VALUES (12, 'Sestao', 13);
INSERT INTO localidad (id, nombre, provincia_id) VALUES (13, 'Sagunto', 14);
INSERT INTO localidad (id, nombre, provincia_id) VALUES (14, 'Torrent', 15);
INSERT INTO localidad (id, nombre, provincia_id) VALUES (15, 'Denia', 16);
INSERT INTO localidad (id, nombre, provincia_id) VALUES (16, 'Elche', 17);
INSERT INTO localidad (id, nombre, provincia_id) VALUES (17, 'Gandía', 18);
INSERT INTO localidad (id, nombre, provincia_id) VALUES (18, 'Orihuela', 19);
INSERT INTO localidad (id, nombre, provincia_id) VALUES (19, 'Elda', 20);
INSERT INTO localidad (id, nombre, provincia_id) VALUES (20, 'Benidorm', 21);
INSERT INTO localidad (id, nombre, provincia_id) VALUES (21, 'Castellón', 22);
INSERT INTO localidad (id, nombre, provincia_id) VALUES (22, 'Paterna', 23);
INSERT INTO localidad (id, nombre, provincia_id) VALUES (23, 'Requena', 24);
INSERT INTO localidad (id, nombre, provincia_id) VALUES (24, 'Villena', 25);
INSERT INTO localidad (id, nombre, provincia_id) VALUES (25, 'Linares', 26);
INSERT INTO localidad (id, nombre, provincia_id) VALUES (26, 'Puertollano', 27);
INSERT INTO localidad (id, nombre, provincia_id) VALUES (27, 'Talavera', 28);
INSERT INTO localidad (id, nombre, provincia_id) VALUES (28, 'Tomelloso', 29);
INSERT INTO localidad (id, nombre, provincia_id) VALUES (29, 'Hellín', 30);
INSERT INTO localidad (id, nombre, provincia_id) VALUES (30, 'Manzanares', 31);
INSERT INTO localidad (id, nombre, provincia_id) VALUES (31, 'Almansa', 32);
INSERT INTO localidad (id, nombre, provincia_id) VALUES (32, 'Alcalá la Real', 33);
INSERT INTO localidad (id, nombre, provincia_id) VALUES (33, 'Baena', 34);
INSERT INTO localidad (id, nombre, provincia_id) VALUES (34, 'Lucena', 35);
INSERT INTO localidad (id, nombre, provincia_id) VALUES (35, 'Priego', 36);
INSERT INTO localidad (id, nombre, provincia_id) VALUES (36, 'Andújar', 37);
INSERT INTO localidad (id, nombre, provincia_id) VALUES (37, 'Cazorla', 38);
INSERT INTO localidad (id, nombre, provincia_id) VALUES (38, 'Baeza', 39);
INSERT INTO localidad (id, nombre, provincia_id) VALUES (39, 'Villanueva', 40);
INSERT INTO localidad (id, nombre, provincia_id) VALUES (40, 'Osuna', 41);
INSERT INTO localidad (id, nombre, provincia_id) VALUES (41, 'Écija', 42);
INSERT INTO localidad (id, nombre, provincia_id) VALUES (42, 'Lebrija', 43);
INSERT INTO localidad (id, nombre, provincia_id) VALUES (43, 'Utrera', 44);